# DESeq2 fold-change values (Psng-1::rde-4 vs rde-4(-)) for genes who were affected until the F3 genertion,both at the mRNA and STG levels.
genes,mRNAs P0,mRNAs F3,STG P0,STG F3,Input,Suggested Match,History
saeg-2,-3.117005957,-1.167460198,2.331541893,1.206762068,saeg-2,WBGene00011964,Public name for WBGene00011964. History: N.A.
Y102A5C.5,-3.06910179,-1.19981942,1.252137459,1.205282963,Y102A5C.5,WBGene00014954,Public name for WBGene00014954. History: N.A.
his-61,0.953801294,1.139470971,0.812575717,1.301514195,his-61,WBGene00001935,Public name for WBGene00001935. History: N.A.
his-45,1.751598677,1.669575919,1.915753673,1.586449002,his-45,WBGene00001919,Public name for WBGene00001919. History: N.A.
his-63,2.138994821,2.251258249,1.458723373,1.48927167,his-63,WBGene00001937,Public name for WBGene00001937. History: N.A.
